class,count
0,233809.41176470587
1,39664.9179068651
2,126658.16048278945
3,19761.950980392157
4,19659.136296296296
5,8561.306458797328
6,3401.9163090128754
7,4736.813437312538
8,98920.15213270142
9,19497.785714285714
10,35595.44750430292
11,18229.295978905735
12,4745.6039076376555
13,59048.36034732272
14,22185.185
15,28249.4076433121
16,57760.94871794872
17,7367.7661290322585
18,8351.576795580111
255,38109.908361970214
