class,count
0,231330.29792147805
1,38223.8347826087
2,120043.26771653544
3,16850.51485148515
4,25713.15306122449
5,10171.460154241646
6,2792.182389937107
7,6297.260273972603
8,105397.35211267606
9,13673.452054794521
10,32470.675531914894
11,14824.253571428571
12,5712.902777777777
13,55891.87215909091
14,24627.272727272728
15,22799.658536585364
16,27366.64285714286
17,8544.73076923077
18,11434.717073170732
255,38054.75938189845
